,Source,Destination
0,2968835805,2968835805
1,1414913768,2744390066
0,3153723127,1699643172
0,404365807,137460214
0,2188283340,3304300564
0,404365807,37881687
0,2188283340,2772892855
0,404365807,1050635233618358272
0,1094200513720008705,1018490196763947008
1,1094178952992612352,911933832068075520
2,404365807,40271790
3,404365807,858675710583590914
0,4758871441,1913668759
0,432373383,108555285
1,936695288,793554228
0,936695288,48416822
0,404365807,754323395723071488
1,936695288,957348931465170944
2,432373383,224617920
0,2188283340,714200103544877058
0,966229733233999872,842587116693569536
1,936695288,726029796736638977
0,404365807,287762699
1,404365807,4828075681
0,936695288,1898851668
1,404365807,1053204773242130432
2,936695288,1034141201677602817
0,936695288,997128535788654593
0,404709877,413906000
1,2263220017,2703654098
2,4858580423,1022113365345411073
3,530948034,740769140
4,2263220017,2492640292
5,279454590,22398060
6,2263220017,357187990
7,2263220017,871951765
8,851049734043250688,736166996044304384
